company_name,hq_country,employees,revenue_eur_m,founded,specialization,key_differentiator,avg_client_size,geographic_focus,notes
RegulaFlow GmbH,Germany,185,12.4,2012,GDPR + DPA compliance,Proprietary compliance workflow automation platform,250-1200 emp,Germany-Austria-Switzerland,Strong in banking sector; recently released AI-powered template generation tool
Norma Compliance Ltd,United Kingdom,92,8.7,2014,Financial services compliance (MiFID II; DORA),Deep regulatory expertise in UK-EU cross-border issues,500-2500 emp,UK-Pan-European,Post-Brexit pivot to EU market; challenges competing with Big Four; small but highly specialized
Certis Italia Srl,Italy,78,5.2,2008,ISO management systems + sector-specific docs,Strong presence in manufacturing; embedded local relationships,100-800 emp,Italy-Southern Europe,Direct competitor to ClearPath in home market; traditional approach; pricing pressure from larger competitors
Audit Solutions Nordic,Sweden,156,11.8,2010,Compliance documentation + internal audit support,Integrated audit-compliance platform; strong Nordics presence,400-2000 emp,Nordic countries + Netherlands,Expanding southward into Germany and France; technology-forward positioning
Docure Consulting,France,48,3.1,2016,ESG and sustainability reporting compliance,First-mover in CSRD documentation; niche but growing rapidly,200-1000 emp,France + Benelux,Boutique firm; high margins; limited geographic reach; acquisition target
ComplianceCare BV,Netherlands,312,28.5,2006,General compliance documentation + advisory,"Mid-market leader; multi-domain expertise; proprietary risk assessment methodology",250-2500 emp,Pan-European,Largest regional competitor; acquired 2 boutiques (2023-2024); strong technology roadmap; recently acquired Docure Consulting
Primus Regulatory Madrid,Spain,64,4.3,2011,Spanish and Latin American regulatory compliance,Bilingual capability; emerging markets focus,150-700 emp,Spain-LATAM,Niche geographic strategy; limited EU-wide relevance; growth potential in LATAM expansion
Kontrol Systems GmbH,Austria,41,2.9,2015,Cybersecurity compliance (NIS1/NIS2); sector-specific,Deep technical expertise in NIS2; automotive and healthcare focus,300-1500 emp,Austria-Germany-Czech,Rapidly growing as NIS2 demand emerges; high utilization; limited broader compliance offering
Governance Pro Ltd,United Kingdom,126,9.2,2009,General compliance + governance advisory,Strong in governance aspects; good at board-level engagement,600-3000 emp,UK-Germany-France,Big Four partnership (Deloitte for referrals); traditional methods; decent reputation but slower to digitalize
Tessera Compliance,Italy,52,3.6,2018,GDPR + data protection + privacy compliance,Design-forward approach to privacy documentation; strong UX,150-900 emp,Italy-Benelux,Young firm; tech-savvy; undercapitalized; potential acquisition target; experimented with AI-assisted drafting
